{"accuracy": [0.5963866710662842, 0.8586101531982422, 0.9134219884872437, 0.9408919811248779, 0.9539085030555725, 0.9633402228355408, 0.9713919758796692, 0.9763709902763367, 0.9804396033287048, 0.9811366200447083], "loss": [1.3644318580627441, 0.44226208329200745, 0.2661948502063751, 0.1805799901485443, 0.14104413986206055, 0.11089068651199341, 0.08782419562339783, 0.07216696441173553, 0.06216059625148773, 0.056207407265901566], "val_accuracy": [0.8261438608169556, 0.9128727316856384, 0.9427498579025269, 0.9499203562736511, 0.9514568448066711, 0.9654564261436462, 0.9609037041664124, 0.9653995037078857, 0.9650011658668518, 0.9656840562820435], "val_loss": [0.561090350151062, 0.2767525911331177, 0.1807185560464859, 0.15556226670742035, 0.15731342136859894, 0.11010964959859848, 0.11956086754798889, 0.11272358894348145, 0.11450705677270889, 0.11835001409053802]}